index;nartist_with_flow;nartist_with_flow_listened;nmidia_regular_listened;nmidia_regular;nmidia_with_flow;nmidia_max_repet;nartist_regular_listened;nartist_regular;nmidia_with_flow_listened
1;1;1;1;1;1;2;1;1;1
3;0;0;3;3;0;2;2;2;0
4;1;1;0;0;2;2;0;0;1
5;0;0;0;1;0;2;0;1;0
13;1;1;1;1;1;2;1;1;1
14;2;2;0;0;3;2;0;0;3
17;0;0;1;1;0;2;1;1;0
19;1;1;0;0;1;2;0;0;1
22;2;0;0;0;2;2;0;0;0
24;0;0;0;1;0;2;0;1;0
25;1;1;4;4;1;2;2;2;1
31;1;0;0;0;1;2;0;0;0
33;1;1;1;1;1;2;1;1;1
36;1;1;0;1;1;2;0;1;1
38;1;0;0;0;1;2;0;0;0
39;0;0;0;1;0;2;0;1;0
41;0;0;3;3;0;2;2;2;0
44;1;1;0;0;4;2;0;0;3
45;0;0;2;2;0;2;2;2;0
51;3;3;1;1;3;2;1;1;3
52;1;0;0;1;1;2;0;1;0
56;1;1;0;0;1;2;0;0;1
57;1;1;0;0;1;2;0;0;1
58;0;0;0;1;0;2;0;1;0
62;2;0;0;0;2;2;0;0;0
64;0;0;1;1;0;2;1;1;0
65;0;0;3;3;0;2;1;1;0
74;0;0;0;1;0;2;0;1;0
78;1;1;0;0;1;2;0;0;1
82;0;0;1;1;0;2;1;1;0
83;0;0;1;1;0;2;1;1;0
86;0;0;1;1;0;2;1;1;0
87;1;1;1;1;2;2;1;1;2
89;1;1;0;0;1;2;0;0;1
92;0;0;1;1;0;2;1;1;0
94;0;0;0;1;0;2;0;1;0
98;1;1;0;0;1;2;0;0;1
100;2;1;1;1;2;2;1;1;1
101;0;0;1;1;0;2;1;1;0
103;0;0;1;1;0;2;1;1;0
109;1;0;0;0;1;2;0;0;0
110;0;0;1;1;0;2;1;1;0
113;0;0;1;1;0;2;1;1;0
114;1;1;0;0;1;2;0;0;1
117;1;0;1;1;1;2;1;1;0
119;0;0;0;1;0;2;0;1;0
122;0;0;0;1;0;2;0;1;0
126;1;0;0;0;1;2;0;0;0
127;1;1;1;1;1;2;1;1;1
129;1;1;2;2;2;2;1;1;1
130;0;0;1;1;0;2;1;1;0
134;0;0;2;2;0;2;1;1;0
136;1;0;0;0;1;2;0;0;0
144;1;1;0;0;1;2;0;0;1
145;0;0;0;1;0;2;0;1;0
147;0;0;2;3;0;2;1;2;0
149;1;1;0;0;2;2;0;0;1
150;0;0;1;1;0;2;1;1;0
152;0;0;0;1;0;2;0;1;0
153;0;0;1;1;0;2;1;1;0
154;0;0;6;6;0;2;1;1;0
159;1;1;4;44;1;2;1;1;1
161;1;0;1;1;1;2;1;1;0
162;0;0;1;1;0;2;1;1;0
164;1;1;0;0;1;2;0;0;1
166;3;2;1;1;3;2;1;1;2
171;1;1;0;0;1;2;0;0;1
175;1;0;0;0;1;2;0;0;0
178;0;0;0;1;0;2;0;1;0
179;0;0;1;2;0;2;1;2;0
180;0;0;0;1;0;2;0;1;0
181;2;2;0;1;2;2;0;1;2
191;1;1;0;0;1;2;0;0;1
197;1;0;0;0;1;2;0;0;0
198;0;0;1;12;0;2;1;1;0
203;1;1;0;0;2;2;0;0;2
209;1;1;0;1;1;2;0;1;1
211;1;1;0;0;1;2;0;0;1
215;1;1;0;0;1;2;0;0;1
216;1;0;0;0;1;2;0;0;0
218;1;1;0;0;2;2;0;0;2
223;0;0;1;1;0;2;1;1;0
224;1;1;0;0;2;2;0;0;2
236;1;1;2;3;1;2;1;1;1
240;0;0;1;1;0;2;1;1;0
241;1;1;0;0;1;2;0;0;1
242;2;2;2;2;2;2;2;2;2
243;1;0;1;1;1;2;1;1;0
246;1;1;0;0;2;2;0;0;1
248;1;1;0;0;1;2;0;0;1
250;0;0;0;1;0;2;0;1;0
253;1;0;0;0;1;2;0;0;0
254;1;1;0;0;2;2;0;0;2
260;1;0;0;0;1;2;0;0;0
261;1;1;0;0;1;2;0;0;1
265;0;0;1;1;0;2;1;1;0
266;0;0;0;1;0;2;0;1;0
270;0;0;0;2;0;2;0;1;0
273;2;2;0;0;3;2;0;0;3
274;1;0;0;0;1;2;0;0;0
276;1;1;0;0;1;2;0;0;1
278;0;0;0;1;0;2;0;1;0
279;0;0;1;1;0;2;1;1;0
284;1;1;0;0;1;2;0;0;1
285;1;1;1;1;1;2;1;1;1
303;1;0;0;0;1;2;0;0;0
317;0;0;0;1;0;2;0;1;0
318;1;1;2;2;1;2;1;1;1
319;1;1;0;0;1;2;0;0;1
325;0;0;1;1;0;2;1;1;0
326;1;1;0;0;1;2;0;0;1
327;1;0;0;0;1;2;0;0;0
329;0;0;0;1;0;2;0;1;0
332;0;0;1;1;0;2;1;1;0
336;0;0;3;3;0;2;3;3;0
341;0;0;4;4;0;2;3;3;0
343;0;0;1;1;0;2;1;1;0
348;0;0;12;12;0;2;1;1;0
349;1;1;0;0;1;2;0;0;1
350;1;0;0;0;1;2;0;0;0
351;0;0;1;1;0;2;1;1;0
359;1;1;1;3;2;2;1;1;1
362;0;0;1;1;0;2;1;1;0
369;0;0;1;1;0;2;1;1;0
378;0;0;1;1;0;2;1;1;0
383;3;3;0;0;4;2;0;0;3
386;1;1;5;5;1;2;1;1;1
387;1;0;0;0;1;2;0;0;0
393;1;0;0;0;1;2;0;0;0
395;1;1;0;0;1;2;0;0;1
400;0;0;1;1;0;2;1;1;0
402;0;0;0;1;0;2;0;1;0
405;0;0;0;3;0;2;0;1;0
414;1;0;0;0;1;2;0;0;0
421;1;1;0;0;2;2;0;0;2
423;0;0;6;6;0;2;1;1;0
429;0;0;0;1;0;2;0;1;0
433;1;1;1;1;2;2;1;1;2
440;0;0;1;2;0;2;1;1;0
441;0;0;2;2;0;2;1;1;0
445;2;2;0;0;2;2;0;0;2
448;2;0;0;0;2;2;0;0;0
452;0;0;0;1;0;2;0;1;0
457;0;0;2;3;0;2;1;1;0
460;1;1;0;0;1;2;0;0;1
462;0;0;0;1;0;2;0;1;0
463;0;0;1;1;0;2;1;1;0
469;1;0;1;1;1;2;1;1;0
472;1;1;1;3;1;2;1;2;1
473;0;0;1;1;0;2;1;1;0
475;1;1;0;0;1;2;0;0;1
478;0;0;2;2;0;2;2;2;0
482;1;0;0;2;1;2;0;2;0
485;0;0;3;3;0;2;1;1;0
487;0;0;1;1;0;2;1;1;0
488;2;0;0;0;2;2;0;0;0
490;1;1;0;0;1;2;0;0;1
493;1;1;0;0;1;2;0;0;1
506;0;0;1;1;0;2;1;1;0
509;1;1;1;1;1;2;1;1;1
512;1;1;0;0;1;2;0;0;1
516;0;0;2;2;0;2;1;1;0
518;1;1;0;0;2;2;0;0;2
519;0;0;1;1;0;2;1;1;0
520;0;0;1;1;0;2;1;1;0
525;1;1;0;0;1;2;0;0;1
532;1;1;0;0;1;2;0;0;1
537;0;0;2;2;0;2;1;1;0
538;0;0;17;18;0;2;11;11;0
541;0;0;0;1;0;2;0;1;0
551;1;1;0;0;1;2;0;0;1
553;0;0;1;1;0;2;1;1;0
561;1;1;1;1;1;2;1;1;1
562;0;0;0;2;0;2;0;1;0
564;1;1;0;0;2;2;0;0;1
565;1;1;0;0;3;2;0;0;3
567;1;1;0;0;1;2;0;0;1
568;0;0;1;1;0;2;1;1;0
571;1;1;0;0;1;2;0;0;1
573;1;0;3;3;1;2;1;1;0
584;1;1;4;4;1;2;3;3;1
593;0;0;1;1;0;2;1;1;0
599;2;0;0;0;2;2;0;0;0
601;1;1;0;0;1;2;0;0;1
604;1;0;0;0;1;2;0;0;0
608;1;1;0;0;1;2;0;0;1
611;0;0;1;1;0;2;1;1;0
612;2;2;2;2;3;2;1;1;3
614;1;1;0;0;1;2;0;0;1
619;0;0;1;1;0;2;1;1;0
620;1;0;0;0;1;2;0;0;0
621;0;0;1;1;0;2;1;1;0
625;1;0;0;0;1;2;0;0;0
630;1;1;0;0;1;2;0;0;1
637;1;1;0;0;1;2;0;0;1
638;0;0;1;1;0;2;1;1;0
639;0;0;1;1;0;2;1;1;0
640;1;0;0;0;1;2;0;0;0
647;1;1;0;0;2;2;0;0;2
650;1;0;0;1;4;2;0;1;0
651;1;1;1;1;1;2;1;1;1
652;1;1;2;2;1;2;2;2;1
653;1;0;0;0;1;2;0;0;0
655;1;0;0;0;1;2;0;0;0
661;0;0;2;2;0;2;1;1;0
663;1;0;0;0;1;2;0;0;0
669;3;0;0;0;3;2;0;0;0
670;0;0;1;1;0;2;1;1;0
672;2;1;6;8;3;2;2;2;2
673;1;1;0;0;2;2;0;0;1
678;0;0;1;1;0;2;1;1;0
679;0;0;0;1;0;2;0;1;0
681;0;0;0;2;0;2;0;2;0
684;0;0;1;1;0;2;1;1;0
686;0;0;1;1;0;2;1;1;0
687;1;1;0;0;1;2;0;0;1
690;1;1;0;0;1;2;0;0;1
696;1;0;0;0;1;2;0;0;0
697;0;0;1;1;0;2;1;1;0
698;1;1;0;0;1;2;0;0;1
702;1;0;0;0;1;2;0;0;0
703;0;0;0;1;0;2;0;1;0
708;1;0;0;0;1;2;0;0;0
712;1;1;0;1;1;2;0;1;1
713;0;0;2;2;0;2;1;1;0
716;1;0;0;0;1;2;0;0;0
720;1;1;0;0;1;2;0;0;1
727;1;0;0;0;1;2;0;0;0
729;1;0;0;0;1;2;0;0;0
737;1;0;0;0;1;2;0;0;0
739;0;0;1;1;0;2;1;1;0
742;0;0;1;2;0;2;1;2;0
744;1;0;0;0;2;2;0;0;0
745;1;1;0;0;1;2;0;0;1
752;1;1;0;0;1;2;0;0;1
754;2;2;0;0;2;2;0;0;2
757;1;1;0;1;2;2;0;1;1
758;0;0;0;1;0;2;0;1;0
765;0;0;0;3;0;2;0;2;0
768;1;0;0;0;1;2;0;0;0
770;1;1;0;0;2;2;0;0;1
772;2;1;0;1;2;2;0;1;1
779;0;0;1;1;0;2;1;1;0
782;2;1;0;0;2;2;0;0;1
792;1;1;0;0;1;2;0;0;1
797;0;0;1;1;0;2;1;1;0
808;0;0;1;1;0;2;1;1;0
818;1;1;0;0;1;2;0;0;1
821;0;0;1;1;0;2;1;1;0
822;1;1;0;0;1;2;0;0;1
825;0;0;1;1;0;2;1;1;0
826;1;1;0;0;2;2;0;0;2
828;0;0;1;1;0;2;1;1;0
829;0;0;1;1;0;2;1;1;0
834;0;0;2;2;0;2;1;1;0
836;0;0;0;1;0;2;0;1;0
838;1;1;2;2;2;2;1;1;1
839;0;0;0;1;0;2;0;1;0
841;2;2;1;2;2;2;1;1;2
842;2;2;0;0;2;2;0;0;2
846;1;1;0;0;1;2;0;0;1
852;1;1;0;0;1;2;0;0;1
861;0;0;1;1;0;2;1;1;0
862;1;1;3;3;2;2;1;1;1
863;0;0;1;1;0;2;1;1;0
864;1;0;0;0;1;2;0;0;0
868;1;0;2;2;1;2;1;1;0
869;1;1;0;0;2;2;0;0;2
871;0;0;0;1;0;2;0;1;0
879;0;0;3;3;0;2;1;1;0
889;1;1;2;2;1;2;1;1;1
893;0;0;0;1;0;2;0;1;0
895;1;1;0;0;1;2;0;0;1
898;1;1;1;1;2;2;1;1;1
925;0;0;0;3;0;2;0;2;0
926;0;0;1;1;0;2;1;1;0
931;0;0;1;1;0;2;1;1;0
935;1;1;0;0;1;2;0;0;1
938;0;0;1;1;0;2;1;1;0
941;2;2;0;0;2;2;0;0;2
943;0;0;0;1;0;2;0;1;0
947;0;0;1;1;0;2;1;1;0
950;2;0;0;0;2;2;0;0;0
954;2;2;1;1;2;2;1;1;2
956;1;1;0;0;1;2;0;0;1
959;0;0;1;1;0;2;1;1;0
968;1;0;0;0;1;2;0;0;0
972;0;0;0;1;0;2;0;1;0
979;0;0;2;2;0;2;1;1;0
982;1;0;0;0;1;2;0;0;0
984;0;0;0;1;0;2;0;1;0
987;0;0;1;1;0;2;1;1;0
993;0;0;1;1;0;2;1;1;0
999;0;0;2;2;0;2;1;1;0
1001;0;0;3;3;0;2;1;1;0
1006;1;1;0;0;1;2;0;0;1
1023;1;1;0;0;1;2;0;0;1
1025;1;0;0;0;1;2;0;0;0
1031;0;0;4;4;0;2;1;1;0
1040;1;1;0;0;1;2;0;0;1
1042;1;0;0;0;1;2;0;0;0
1043;0;0;0;1;0;2;0;1;0
1045;1;0;0;0;2;2;0;0;0
1046;1;1;0;0;1;2;0;0;1
1049;0;0;1;2;0;2;1;1;0
1051;0;0;1;1;0;2;1;1;0
1052;0;0;0;1;0;2;0;1;0
1056;0;0;2;2;0;2;1;1;0
1059;1;0;0;0;1;2;0;0;0
1060;0;0;0;1;0;2;0;1;0
1061;0;0;1;1;0;2;1;1;0
1065;1;1;0;0;1;2;0;0;1
1080;0;0;1;1;0;2;1;1;0
1089;0;0;1;1;0;2;1;1;0
1093;0;0;2;2;0;2;1;1;0
1095;1;0;1;1;1;2;1;1;0
1098;1;0;0;0;1;2;0;0;0
1100;0;0;0;1;0;2;0;1;0
1109;1;0;0;0;1;2;0;0;0
1110;1;1;0;0;1;2;0;0;1
1118;0;0;2;2;0;2;1;1;0
1119;0;0;2;2;0;2;2;2;0
1122;0;0;1;3;0;2;1;1;0
1126;1;0;0;0;1;2;0;0;0
1127;0;0;1;1;0;2;1;1;0
1131;0;0;1;1;0;2;1;1;0
1133;1;1;0;0;2;2;0;0;1
1134;0;0;3;3;0;2;1;1;0
1138;1;0;0;0;1;2;0;0;0
1147;0;0;1;1;0;2;1;1;0
1150;1;0;1;1;1;2;1;1;0
1155;0;0;1;1;0;2;1;1;0
1158;1;1;0;0;2;2;0;0;1
1161;0;0;1;1;0;2;1;1;0
1162;1;0;1;3;1;2;1;2;0
1166;0;0;1;1;0;2;1;1;0
1171;0;0;2;2;0;2;2;2;0
1178;0;0;1;1;0;2;1;1;0
1182;1;1;0;0;1;2;0;0;1
1183;0;0;0;1;0;2;0;1;0
1198;0;0;1;2;0;2;1;1;0
1200;1;0;0;0;1;2;0;0;0
1213;1;1;0;0;1;2;0;0;1
1215;2;2;4;4;2;2;2;2;2
1217;0;0;0;1;0;2;0;1;0
1219;0;0;3;3;0;2;1;1;0
1235;0;0;1;1;0;2;1;1;0
1236;1;0;0;0;1;2;0;0;0
1238;0;0;1;2;0;2;1;2;0
1241;0;0;1;1;0;2;1;1;0
1263;0;0;0;1;0;2;0;1;0
1273;1;0;0;0;1;2;0;0;0
1277;0;0;1;1;0;2;1;1;0
1284;0;0;1;1;0;2;1;1;0
1295;0;0;1;2;0;2;1;2;0
1298;1;1;0;0;1;2;0;0;1
1302;2;0;0;0;2;2;0;0;0
1306;1;1;0;0;2;2;0;0;2
1308;1;1;0;0;1;2;0;0;1
1309;0;0;1;1;0;2;1;1;0
1319;0;0;1;1;0;2;1;1;0
1325;1;1;0;0;1;2;0;0;1
1331;2;0;0;0;2;2;0;0;0
1335;1;0;0;2;2;2;0;2;0
1344;1;1;0;0;1;2;0;0;1
1373;0;0;1;1;0;2;1;1;0
1374;1;0;0;0;1;2;0;0;0
1382;1;1;0;0;1;2;0;0;1
1394;0;0;1;1;0;2;1;1;0
1408;0;0;0;1;0;2;0;1;0
1411;0;0;1;1;0;2;1;1;0
1413;0;0;1;1;0;2;1;1;0
1415;1;0;0;0;1;2;0;0;0
1422;1;0;0;0;1;2;0;0;0
1435;1;1;0;0;1;2;0;0;1
1438;0;0;2;2;0;2;2;2;0
1439;0;0;0;1;0;2;0;1;0
1442;2;2;0;0;2;2;0;0;2
1448;1;0;1;1;1;2;1;1;0
1450;0;0;1;1;0;2;1;1;0
1451;1;1;0;0;1;2;0;0;1
1454;1;0;0;0;1;2;0;0;0
1464;0;0;0;1;0;2;0;1;0
1469;1;1;0;0;1;2;0;0;1
1478;1;1;0;1;1;2;0;1;1
1482;1;0;2;2;1;2;1;1;0
1487;2;0;0;0;2;2;0;0;0
1488;1;0;0;0;1;2;0;0;0
1493;0;0;1;1;0;2;1;1;0
1494;1;0;0;0;1;2;0;0;0
1497;1;0;0;0;1;2;0;0;0
1498;1;1;2;2;1;2;2;2;1
1500;0;0;0;1;0;2;0;1;0
1507;1;0;1;1;1;2;1;1;0
1518;0;0;0;1;0;2;0;1;0
1519;2;2;0;0;3;2;0;0;3
1521;0;0;1;1;0;2;1;1;0
1526;0;0;1;1;0;2;1;1;0
1528;1;0;0;0;1;2;0;0;0
1537;2;1;0;0;3;2;0;0;1
1539;0;0;0;1;0;2;0;1;0
1544;1;0;0;0;1;2;0;0;0
1546;0;0;1;1;0;2;1;1;0
1553;0;0;1;1;0;2;1;1;0
1556;0;0;1;1;0;2;1;1;0
1559;1;1;0;0;1;2;0;0;1
1567;1;1;0;0;2;2;0;0;2
1577;1;0;1;1;1;2;1;1;0
1580;1;1;1;2;1;2;1;2;1
1585;1;0;1;1;1;2;1;1;0
1591;0;0;0;1;0;2;0;1;0
1606;0;0;3;3;0;2;1;1;0
1625;0;0;1;1;0;2;1;1;0
1630;0;0;1;1;0;2;1;1;0
1643;0;0;0;1;0;2;0;1;0
1644;0;0;1;1;0;2;1;1;0
1645;1;1;0;0;1;2;0;0;1
1646;1;1;0;0;1;2;0;0;1
1650;0;0;3;3;0;2;2;2;0
1652;1;0;0;0;1;2;0;0;0
1666;0;0;1;1;0;2;1;1;0
1672;0;0;1;1;0;2;1;1;0
1673;0;0;1;1;0;2;1;1;0
1683;0;0;3;3;0;2;1;1;0
1686;1;0;0;0;1;2;0;0;0
1691;1;1;1;1;1;2;1;1;1
1700;2;0;0;0;2;2;0;0;0
1705;0;0;1;1;0;2;1;1;0
1709;0;0;3;3;0;2;3;3;0
1714;1;1;1;1;1;2;1;1;1
1719;0;0;2;2;0;2;1;1;0
1732;1;0;0;0;1;2;0;0;0
1734;0;0;0;1;0;2;0;1;0
1743;1;1;1;1;1;2;1;1;1
1747;0;0;1;1;0;2;1;1;0
1751;0;0;2;2;0;2;2;2;0
1753;1;1;0;0;1;2;0;0;1
1754;0;0;2;2;0;2;1;1;0
1760;0;0;1;1;0;2;1;1;0
1761;1;1;0;0;1;2;0;0;1
1764;1;1;0;0;1;2;0;0;1
1774;0;0;1;1;0;2;1;1;0
1776;0;0;2;2;0;2;2;2;0
1777;2;1;2;2;2;2;2;2;1
1782;0;0;1;1;0;2;1;1;0
1786;0;0;1;1;0;2;1;1;0
1787;0;0;0;1;0;2;0;1;0
1791;1;1;0;0;1;2;0;0;1
1792;0;0;0;1;0;2;0;1;0
1809;0;0;1;1;0;2;1;1;0
1810;1;0;0;0;1;2;0;0;0
1812;0;0;1;1;0;2;1;1;0
1820;0;0;1;1;0;2;1;1;0
1821;1;1;0;0;1;2;0;0;1
1840;0;0;1;1;0;2;1;1;0
1842;1;0;0;0;1;2;0;0;0
1846;0;0;1;1;0;2;1;1;0
1848;1;1;0;0;1;2;0;0;1
1850;1;0;0;0;1;2;0;0;0
1855;0;0;4;5;0;2;1;1;0
1861;0;0;1;2;0;2;1;2;0
1866;1;0;0;0;1;2;0;0;0
1871;1;1;0;0;1;2;0;0;1
1883;1;0;0;0;1;2;0;0;0
1886;0;0;1;2;0;2;1;1;0
1888;1;0;0;0;1;2;0;0;0
1889;1;1;1;1;1;2;1;1;1
1890;1;1;0;0;1;2;0;0;1
1893;1;0;0;0;1;2;0;0;0
1902;1;1;0;0;1;2;0;0;1
1903;0;0;1;1;0;2;1;1;0
1908;1;0;0;0;1;2;0;0;0
1909;1;1;0;0;3;2;0;0;3
1914;1;1;0;0;1;2;0;0;1
1920;1;1;1;1;1;2;1;1;1
1924;1;0;1;1;1;2;1;1;0
1925;0;0;1;1;0;2;1;1;0
1928;0;0;1;1;0;2;1;1;0
1945;1;1;0;0;1;2;0;0;1
1953;1;1;0;0;1;2;0;0;1
1958;1;1;0;0;1;2;0;0;1
1961;0;0;2;3;0;2;1;1;0
1973;1;0;0;0;1;2;0;0;0
1984;1;1;0;0;1;2;0;0;1
1985;1;0;0;0;2;2;0;0;0
1987;1;0;1;1;1;2;1;1;0
1990;0;0;1;1;0;2;1;1;0
1991;1;1;0;0;1;2;0;0;1
1998;1;0;1;1;1;2;1;1;0
2001;0;0;0;1;0;2;0;1;0
2006;1;0;0;0;1;2;0;0;0
2017;1;0;3;6;1;2;2;5;0
2020;1;1;0;0;1;2;0;0;1
2022;1;1;0;0;1;2;0;0;1
2033;1;1;0;0;1;2;0;0;1
2038;1;0;2;2;1;2;2;2;0
2040;0;0;1;1;0;2;1;1;0
2041;0;0;1;1;0;2;1;1;0
2044;0;0;1;1;0;2;1;1;0
2059;1;1;0;0;1;2;0;0;1
2067;1;1;2;2;1;2;1;1;1
2073;0;0;1;1;0;2;1;1;0
2075;0;0;0;2;0;2;0;1;0
2078;0;0;1;1;0;2;1;1;0
2107;1;1;0;0;1;2;0;0;1
2115;0;0;1;2;0;2;1;2;0
2118;0;0;2;2;0;2;1;1;0
2122;2;2;0;0;2;2;0;0;2
2139;1;1;0;0;1;2;0;0;1
2149;0;0;1;1;0;2;1;1;0
2164;1;1;0;0;3;2;0;0;2
2168;0;0;0;1;0;2;0;1;0
2175;1;1;0;0;1;2;0;0;1
2176;1;1;0;0;1;2;0;0;1
2182;1;1;0;0;1;2;0;0;1
2184;1;1;0;0;1;2;0;0;1
2192;0;0;2;2;0;2;1;1;0
2206;0;0;1;1;0;2;1;1;0
2212;0;0;1;1;0;2;1;1;0
2215;1;0;0;0;1;2;0;0;0
2217;0;0;1;1;0;2;1;1;0
2221;2;1;0;1;2;2;0;1;1
2223;0;0;0;1;0;2;0;1;0
2226;1;0;0;0;1;2;0;0;0
2243;0;0;1;1;0;2;1;1;0
2254;0;0;0;1;0;2;0;1;0
2258;0;0;1;1;0;2;1;1;0
2262;1;0;0;0;1;2;0;0;0
2265;0;0;16;16;0;2;1;1;0
2267;1;1;0;0;1;2;0;0;1
2271;0;0;3;3;0;2;2;2;0
2273;0;0;0;2;0;2;0;1;0
2280;0;0;0;1;0;2;0;1;0
2292;0;0;1;1;0;2;1;1;0
2294;0;0;1;1;0;2;1;1;0
2298;0;0;0;1;0;2;0;1;0
2299;0;0;1;1;0;2;1;1;0
2300;0;0;1;1;0;2;1;1;0
2308;1;1;0;0;1;2;0;0;1
2318;0;0;1;1;0;2;1;1;0
2327;0;0;1;1;0;2;1;1;0
2328;1;1;0;0;1;2;0;0;1
2332;0;0;0;1;0;2;0;1;0
2346;0;0;1;1;0;2;1;1;0
2354;0;0;0;1;0;2;0;1;0
2359;1;1;0;0;1;2;0;0;1
2360;0;0;1;1;0;2;1;1;0
2380;0;0;0;1;0;2;0;1;0
2387;0;0;1;1;0;2;1;1;0
2398;0;0;1;1;0;2;1;1;0
2399;1;1;0;0;2;2;0;0;1
2410;1;1;0;0;1;2;0;0;1
2411;1;0;0;0;1;2;0;0;0
2415;1;1;0;0;1;2;0;0;1
2416;0;0;0;2;0;2;0;1;0
2417;1;1;0;0;2;2;0;0;2
2429;0;0;1;1;0;2;1;1;0
2431;0;0;0;1;0;2;0;1;0
2434;2;2;1;1;2;2;1;1;2
2437;1;1;0;0;1;2;0;0;1
2438;1;1;0;0;1;2;0;0;1
2443;0;0;1;1;0;2;1;1;0
2444;0;0;1;1;0;2;1;1;0
2446;0;0;0;1;0;2;0;1;0
2455;0;0;1;1;0;2;1;1;0
2464;0;0;1;1;0;2;1;1;0
2480;0;0;0;1;0;2;0;1;0
2494;0;0;1;1;0;2;1;1;0
2504;0;0;1;1;0;2;1;1;0
2515;1;1;1;1;1;2;1;1;1
2527;1;1;0;0;1;2;0;0;1
2530;1;0;0;0;1;2;0;0;0
2533;1;0;0;0;1;2;0;0;0
2537;0;0;0;1;0;2;0;1;0
2543;1;0;0;0;1;2;0;0;0
2544;0;0;1;1;0;2;1;1;0
2546;1;0;0;0;1;2;0;0;0
2548;0;0;0;1;0;2;0;1;0
2553;0;0;1;1;0;2;1;1;0
2568;1;0;0;0;1;2;0;0;0
2573;1;1;0;0;1;2;0;0;1
2579;1;0;0;0;1;2;0;0;0
2584;0;0;1;1;0;2;1;1;0
2590;0;0;1;1;0;2;1;1;0
2595;1;0;0;2;1;2;0;1;0
2606;0;0;1;1;0;2;1;1;0
2609;1;1;0;0;1;2;0;0;1
2611;0;0;1;1;0;2;1;1;0
2615;1;0;0;0;1;2;0;0;0
2617;0;0;0;1;0;2;0;1;0
2621;1;1;0;0;1;2;0;0;1
2630;0;0;1;1;0;2;1;1;0
2634;0;0;1;1;0;2;1;1;0
2637;0;0;1;1;0;2;1;1;0
2638;0;0;1;1;0;2;1;1;0
2654;2;2;0;0;2;2;0;0;2
2667;0;0;1;1;0;2;1;1;0
2670;0;0;2;2;0;2;2;2;0
2678;1;0;0;0;1;2;0;0;0
2680;0;0;2;2;0;2;2;2;0
2686;0;0;0;1;0;2;0;1;0
2690;0;0;3;3;0;2;2;2;0
2692;0;0;0;1;0;2;0;1;0
2719;1;1;3;3;1;2;1;1;1
2731;1;1;0;0;1;2;0;0;1
2736;1;1;0;0;1;2;0;0;1
2742;0;0;1;1;0;2;1;1;0
2745;0;0;0;1;0;2;0;1;0
2748;1;0;0;0;1;2;0;0;0
2750;0;0;0;1;0;2;0;1;0
2769;0;0;0;1;0;2;0;1;0
2771;1;0;0;0;1;2;0;0;0
2773;1;1;0;0;1;2;0;0;1
2784;2;2;0;0;2;2;0;0;2
2789;0;0;0;1;0;2;0;1;0
2802;1;1;0;0;1;2;0;0;1
2805;0;0;1;2;0;2;1;1;0
2818;0;0;1;1;0;2;1;1;0
2819;1;1;1;1;1;2;1;1;1
2823;0;0;1;1;0;2;1;1;0
2825;0;0;0;1;0;2;0;1;0
2826;1;1;0;0;1;2;0;0;1
2832;1;1;12;12;1;2;1;1;1
2833;0;0;1;1;0;2;1;1;0
2846;0;0;1;1;0;2;1;1;0
2856;0;0;1;1;0;2;1;1;0
2861;1;0;0;0;1;2;0;0;0
2865;1;0;0;0;1;2;0;0;0
2887;0;0;2;2;0;2;1;1;0
2909;1;1;0;0;1;2;0;0;1
2912;1;0;0;0;1;2;0;0;0
2916;0;0;1;1;0;2;1;1;0
2920;1;1;0;0;1;2;0;0;1
2922;0;0;0;1;0;2;0;1;0
2946;1;0;0;0;1;2;0;0;0
2949;0;0;1;1;0;2;1;1;0
2956;0;0;1;1;0;2;1;1;0
2957;0;0;0;1;0;2;0;1;0
2961;0;0;1;1;0;2;1;1;0
2964;1;1;1;1;1;2;1;1;1
2975;1;0;0;0;1;2;0;0;0
2978;1;1;0;0;2;2;0;0;1
2981;0;0;1;1;0;2;1;1;0
2985;1;1;0;0;1;2;0;0;1
2992;0;0;0;1;0;2;0;1;0
3000;0;0;1;1;0;2;1;1;0
3002;0;0;3;3;0;2;1;1;0
3011;1;1;4;4;1;2;3;3;1
3014;0;0;1;1;0;2;1;1;0
3022;1;0;0;0;1;2;0;0;0
3034;1;1;0;0;1;2;0;0;1
3043;1;1;0;0;2;2;0;0;1
3045;0;0;1;1;0;2;1;1;0
3050;1;0;1;1;1;2;1;1;0
3065;1;1;0;0;1;2;0;0;1
3072;1;1;0;0;1;2;0;0;1
3078;0;0;0;1;0;2;0;1;0
3087;1;1;2;2;1;2;1;1;1
3089;1;1;0;0;1;2;0;0;1
3126;1;1;0;0;1;2;0;0;1
3129;1;1;1;1;1;2;1;1;1
3135;0;0;3;3;0;2;1;1;0
3162;1;0;0;0;1;2;0;0;0
3165;1;1;0;0;1;2;0;0;1
3170;0;0;0;1;0;2;0;1;0
3180;1;0;0;0;1;2;0;0;0
3182;0;0;1;1;0;2;1;1;0
3190;0;0;1;1;0;2;1;1;0
3197;0;0;1;1;0;2;1;1;0
3204;0;0;1;1;0;2;1;1;0
3205;1;1;0;0;1;2;0;0;1
3223;0;0;1;1;0;2;1;1;0
3231;1;0;1;2;1;2;1;1;0
3237;0;0;1;1;0;2;1;1;0
3241;0;0;1;1;0;2;1;1;0
3245;0;0;2;3;0;2;2;2;0
3246;1;1;0;0;1;2;0;0;1
3247;1;0;0;0;1;2;0;0;0
3251;1;0;0;0;1;2;0;0;0
3255;0;0;1;1;0;2;1;1;0
3256;0;0;0;2;0;2;0;1;0
3271;0;0;1;1;0;2;1;1;0
3290;0;0;1;2;0;2;1;1;0
3291;0;0;1;1;0;2;1;1;0
3296;0;0;2;2;0;2;1;1;0
3302;1;1;0;0;1;2;0;0;1
3307;0;0;0;2;0;2;0;1;0
3319;1;1;0;0;1;2;0;0;1
3321;1;1;0;0;1;2;0;0;1
3331;0;0;0;1;0;2;0;1;0
3343;0;0;0;1;0;2;0;1;0
3348;1;1;0;0;1;2;0;0;1
3355;1;1;1;1;1;2;1;1;1
3367;1;1;0;0;1;2;0;0;1
3374;1;1;0;0;1;2;0;0;1
3387;1;1;0;1;2;2;0;1;2
3388;1;1;0;1;3;2;0;1;2
3393;0;0;0;1;0;2;0;1;0
3403;0;0;1;1;0;2;1;1;0
3438;1;1;1;1;1;2;1;1;1
3447;1;1;0;0;1;2;0;0;1
3473;1;1;0;0;1;2;0;0;1
3492;1;1;0;0;2;2;0;0;1
3493;0;0;1;2;0;2;1;1;0
3502;0;0;1;1;0;2;1;1;0
3504;1;1;0;0;1;2;0;0;1
3540;1;0;0;0;1;2;0;0;0
3546;0;0;1;1;0;2;1;1;0
3549;0;0;1;1;0;2;1;1;0
3551;0;0;1;1;0;2;1;1;0
3570;2;1;0;0;2;2;0;0;1
3575;0;0;1;1;0;2;1;1;0
3576;0;0;0;1;0;2;0;1;0
3582;0;0;0;2;0;2;0;1;0
3591;1;1;0;0;1;2;0;0;1
3601;0;0;0;2;0;2;0;1;0
3610;1;1;0;0;1;2;0;0;1
3611;0;0;2;2;0;2;1;1;0
3621;0;0;1;1;0;2;1;1;0
3623;1;1;0;0;1;2;0;0;1
3637;0;0;1;1;0;2;1;1;0
3638;1;1;0;0;1;2;0;0;1
3649;0;0;1;1;0;2;1;1;0
3662;1;1;0;0;1;2;0;0;1
3664;0;0;1;1;0;2;1;1;0
3672;1;1;0;0;1;2;0;0;1
3685;0;0;0;1;0;2;0;1;0
3689;0;0;1;1;0;2;1;1;0
3694;1;1;0;0;1;2;0;0;1
3700;2;1;0;0;2;2;0;0;1
3727;1;0;0;0;1;2;0;0;0
3736;0;0;1;1;0;2;1;1;0
3759;0;0;0;1;0;2;0;1;0
3771;0;0;0;1;0;2;0;1;0
3777;1;0;2;5;1;2;2;3;0
3783;1;0;0;0;1;2;0;0;0
3821;1;1;0;0;1;2;0;0;1
3823;1;1;0;0;1;2;0;0;1
3827;1;1;0;0;1;2;0;0;1
3842;0;0;1;1;0;2;1;1;0
3872;1;1;0;0;1;2;0;0;1
3886;1;0;0;0;1;2;0;0;0
3889;1;0;0;0;1;2;0;0;0
3901;0;0;1;1;0;2;1;1;0
3916;1;0;0;0;1;2;0;0;0
3921;1;1;0;0;1;2;0;0;1
3925;1;0;0;0;1;2;0;0;0
3933;1;1;0;0;1;2;0;0;1
3934;1;1;0;0;1;2;0;0;1
3938;0;0;1;1;0;2;1;1;0
3941;0;0;0;1;0;2;0;1;0
3945;1;1;0;0;1;2;0;0;1
3955;1;0;0;0;1;2;0;0;0
3960;1;0;0;0;1;2;0;0;0
3968;0;0;1;1;0;2;1;1;0
4004;1;1;2;2;1;2;1;1;1
4011;1;1;0;0;1;2;0;0;1
4028;0;0;0;1;0;2;0;1;0
4042;1;0;0;0;1;2;0;0;0
4051;1;0;0;0;1;2;0;0;0
4055;0;0;0;2;0;2;0;1;0
4082;1;1;0;0;1;2;0;0;1
4092;1;1;1;1;1;2;1;1;1
4097;1;1;0;0;1;2;0;0;1
4103;0;0;1;3;0;2;1;2;0
4118;0;0;0;1;0;2;0;1;0
4126;1;0;0;0;1;2;0;0;0
4136;1;0;0;0;1;2;0;0;0
4141;1;0;1;2;2;2;1;1;0
4146;1;0;0;0;1;2;0;0;0
4154;0;0;1;1;0;2;1;1;0
4156;1;0;0;0;1;2;0;0;0
4160;0;0;1;1;0;2;1;1;0
4161;0;0;1;1;0;2;1;1;0
4168;1;1;0;0;1;2;0;0;1
4174;1;0;0;0;1;2;0;0;0
4184;1;1;0;0;1;2;0;0;1
4199;1;0;0;0;1;2;0;0;0
4206;0;0;1;1;0;2;1;1;0
4218;1;1;0;0;1;2;0;0;1
4226;1;1;0;0;2;2;0;0;2
4260;1;0;0;0;1;2;0;0;0
4266;1;1;1;2;1;2;1;2;1
4298;0;0;1;1;0;2;1;1;0
4312;0;0;1;1;0;2;1;1;0
4313;1;1;0;0;1;2;0;0;1
4314;1;0;0;0;1;2;0;0;0
4344;1;0;0;0;1;2;0;0;0
4347;1;0;0;0;2;2;0;0;0
4351;0;0;1;1;0;2;1;1;0
4356;1;1;0;0;1;2;0;0;1
4359;0;0;2;2;0;2;1;1;0
4360;1;0;0;0;1;2;0;0;0
4362;0;0;1;1;0;2;1;1;0
4388;0;0;1;2;0;2;1;1;0
4393;0;0;3;3;0;2;1;1;0
4395;1;1;0;0;1;2;0;0;1
4402;0;0;1;1;0;2;1;1;0
4403;1;1;0;0;1;2;0;0;1
4405;0;0;1;1;0;2;1;1;0
4428;0;0;1;1;0;2;1;1;0
4429;1;1;1;4;3;2;1;1;2
4431;0;0;1;1;0;2;1;1;0
4435;1;1;0;0;1;2;0;0;1
4458;1;1;1;2;1;2;1;2;1
4459;1;1;0;0;1;2;0;0;1
4460;0;0;1;1;0;2;1;1;0
4463;0;0;1;1;0;2;1;1;0
4480;0;0;0;1;0;2;0;1;0
4484;0;0;1;1;0;2;1;1;0
4500;0;0;1;1;0;2;1;1;0
4501;1;1;0;0;1;2;0;0;1
4504;1;0;0;0;1;2;0;0;0
4510;1;0;0;0;1;2;0;0;0
4522;1;0;0;0;1;2;0;0;0
4527;0;0;0;1;0;2;0;1;0
4537;0;0;0;1;0;2;0;1;0
4539;0;0;1;2;0;2;1;2;0
4552;1;0;0;0;1;2;0;0;0
4564;0;0;1;1;0;2;1;1;0
4568;0;0;1;1;0;2;1;1;0
4583;0;0;1;1;0;2;1;1;0
4602;1;1;0;0;1;2;0;0;1
4603;1;1;1;1;1;2;1;1;1
4615;0;0;1;1;0;2;1;1;0
4622;1;1;0;0;1;2;0;0;1
4637;0;0;1;1;0;2;1;1;0
4638;0;0;2;2;0;2;1;1;0
4645;0;0;1;4;0;2;1;2;0
4672;0;0;1;1;0;2;1;1;0
4682;1;1;0;0;1;2;0;0;1
4694;1;1;0;0;2;2;0;0;2
4698;1;1;0;0;1;2;0;0;1
4707;1;1;0;0;1;2;0;0;1
4720;0;0;2;2;0;2;1;1;0
4724;0;0;1;1;0;2;1;1;0
4725;0;0;2;2;0;2;1;1;0
4726;2;2;0;0;2;2;0;0;2
4743;1;1;0;0;1;2;0;0;1
4749;0;0;6;6;0;2;1;1;0
4753;0;0;1;1;0;2;1;1;0
4780;0;0;1;1;0;2;1;1;0
4802;1;1;0;0;1;2;0;0;1
4810;1;0;0;0;1;2;0;0;0
4830;0;0;1;1;0;2;1;1;0
4840;0;0;1;1;0;2;1;1;0
4855;1;0;0;0;1;2;0;0;0
4862;1;1;0;0;1;2;0;0;1
4865;1;0;0;0;1;2;0;0;0
4884;0;0;1;1;0;2;1;1;0
4894;1;0;0;0;1;2;0;0;0
4902;1;1;0;0;1;2;0;0;1
4912;0;0;1;1;0;2;1;1;0
4924;1;0;0;0;1;2;0;0;0
4929;0;0;1;1;0;2;1;1;0
4939;1;1;0;0;1;2;0;0;1
4944;1;1;0;0;1;2;0;0;1
4946;0;0;1;1;0;2;1;1;0
4968;0;0;3;4;0;2;1;2;0
4984;0;0;0;1;0;2;0;1;0
4987;1;0;0;0;2;2;0;0;0
4997;1;1;1;1;1;2;1;1;1
5001;0;0;0;1;0;2;0;1;0
5017;0;0;0;1;0;2;0;1;0
5020;0;0;1;1;0;2;1;1;0
5025;0;0;0;1;0;2;0;1;0
5036;1;0;0;0;1;2;0;0;0
5049;0;0;1;1;0;2;1;1;0
5050;1;0;0;0;1;2;0;0;0
5051;0;0;1;1;0;2;1;1;0
5055;0;0;0;1;0;2;0;1;0
5081;1;0;0;0;1;2;0;0;0
5085;0;0;0;1;0;2;0;1;0
5086;1;1;1;1;1;2;1;1;1
5121;0;0;0;1;0;2;0;1;0
5123;1;1;0;0;1;2;0;0;1
5124;1;0;0;0;1;2;0;0;0
5134;1;1;0;0;1;2;0;0;1
5136;0;0;0;1;0;2;0;1;0
5150;1;1;0;0;1;2;0;0;1
5157;0;0;0;1;0;2;0;1;0
5162;1;1;0;0;1;2;0;0;1
5171;1;0;0;0;1;2;0;0;0
5197;0;0;3;3;0;2;1;1;0
5203;0;0;3;3;0;2;2;2;0
5217;1;1;1;1;1;2;1;1;1
5247;1;1;0;0;1;2;0;0;1
5248;1;0;0;0;1;2;0;0;0
5261;1;1;0;0;1;2;0;0;1
5262;1;1;0;0;1;2;0;0;1
5267;0;0;1;1;0;2;1;1;0
5278;0;0;0;1;0;2;0;1;0
5290;0;0;1;2;0;2;1;1;0
5301;0;0;1;1;0;2;1;1;0
5348;0;0;1;1;0;2;1;1;0
5354;0;0;1;1;0;2;1;1;0
5373;1;1;1;1;1;2;1;1;1
5375;1;0;0;0;1;2;0;0;0
5377;0;0;3;3;0;2;1;1;0
5390;1;0;1;1;1;2;1;1;0
5392;0;0;1;1;0;2;1;1;0
5396;1;1;0;0;1;2;0;0;1
5405;1;0;1;1;1;2;1;1;0
5414;0;0;1;1;0;2;1;1;0
5429;0;0;1;1;0;2;1;1;0
5431;1;1;0;0;2;2;0;0;2
5443;0;0;0;1;0;2;0;1;0
5468;0;0;0;1;0;2;0;1;0
5485;0;0;7;11;0;2;1;2;0
5488;1;0;0;0;1;2;0;0;0
5489;0;0;2;2;0;2;1;1;0
5506;1;1;0;0;1;2;0;0;1
5510;0;0;1;1;0;2;1;1;0
5527;1;0;0;0;1;2;0;0;0
5553;0;0;2;2;0;2;1;1;0
5567;1;1;0;0;1;2;0;0;1
5570;0;0;1;1;0;2;1;1;0
5581;0;0;1;1;0;2;1;1;0
5587;0;0;1;1;0;2;1;1;0
5600;1;1;0;0;1;2;0;0;1
5605;2;2;0;1;2;2;0;1;2
5607;1;0;0;0;1;2;0;0;0
5612;0;0;1;1;0;2;1;1;0
5614;0;0;2;4;0;2;2;4;0
5615;0;0;2;6;0;2;2;5;0
5654;0;0;0;1;0;2;0;1;0
5670;0;0;0;1;0;2;0;1;0
5690;0;0;2;2;0;2;1;1;0
5695;0;0;1;1;0;2;1;1;0
5699;1;0;1;1;1;2;1;1;0
5715;0;0;0;2;0;2;0;1;0
5765;0;0;1;2;0;2;1;1;0
5767;0;0;1;1;0;2;1;1;0
5789;1;1;0;0;2;2;0;0;2
5794;0;0;2;2;0;2;1;1;0
5796;0;0;1;1;0;2;1;1;0
5808;0;0;1;1;0;2;1;1;0
5814;1;0;0;0;1;2;0;0;0
5820;1;0;0;0;1;2;0;0;0
5840;1;1;0;0;1;2;0;0;1
5842;1;1;0;0;1;2;0;0;1
5881;0;0;1;1;0;2;1;1;0
5905;0;0;1;1;0;2;1;1;0
5917;1;1;4;4;1;2;1;1;1
5937;2;1;2;2;2;2;2;2;1
5951;0;0;0;1;0;2;0;1;0
5956;1;1;0;0;1;2;0;0;1
5961;0;0;1;1;0;2;1;1;0
5978;0;0;0;1;0;2;0;1;0
5981;1;0;0;0;1;2;0;0;0
5986;1;1;0;0;1;2;0;0;1
5988;1;0;0;0;1;2;0;0;0
5997;1;0;0;0;1;2;0;0;0
6034;0;0;1;1;0;2;1;1;0
6036;0;0;1;1;0;2;1;1;0
6047;0;0;1;1;0;2;1;1;0
6052;1;1;0;0;1;2;0;0;1
6054;1;0;0;0;1;2;0;0;0
6056;0;0;1;1;0;2;1;1;0
6098;1;1;0;0;2;2;0;0;2
6101;0;0;1;1;0;2;1;1;0
6103;0;0;0;1;0;2;0;1;0
6110;0;0;1;1;0;2;1;1;0
6130;0;0;0;2;0;2;0;1;0
6152;0;0;1;1;0;2;1;1;0
6165;1;0;0;0;1;2;0;0;0
6171;0;0;0;1;0;2;0;1;0
6175;1;1;0;0;1;2;0;0;1
6187;1;0;0;0;1;2;0;0;0
6212;0;0;1;1;0;2;1;1;0
6218;1;0;0;0;1;2;0;0;0
6220;1;1;0;0;1;2;0;0;1
6231;1;1;0;0;1;2;0;0;1
6283;0;0;6;7;0;2;1;1;0
6285;1;1;0;0;1;2;0;0;1
6299;0;0;1;1;0;2;1;1;0
6302;0;0;1;1;0;2;1;1;0
6304;0;0;0;1;0;2;0;1;0
6305;0;0;1;1;0;2;1;1;0
6306;0;0;1;1;0;2;1;1;0
6334;0;0;3;12;0;2;2;7;0
6354;0;0;2;2;0;2;2;2;0
6358;0;0;1;1;0;2;1;1;0
6407;1;0;1;1;1;2;1;1;0
6414;1;1;1;1;1;2;1;1;1
6426;1;1;0;0;1;2;0;0;1
6440;0;0;0;1;0;2;0;1;0
6462;0;0;2;2;0;2;1;1;0
6491;0;0;1;1;0;2;1;1;0
6493;0;0;1;1;0;2;1;1;0
6513;0;0;1;1;0;2;1;1;0
6526;0;0;1;2;0;2;1;2;0
6537;0;0;1;1;0;2;1;1;0
6548;1;0;0;0;1;2;0;0;0
6571;1;0;0;0;1;2;0;0;0
6572;0;0;1;1;0;2;1;1;0
6580;0;0;2;2;0;2;1;1;0
6594;0;0;0;1;0;2;0;1;0
6610;0;0;0;1;0;2;0;1;0
6616;1;1;0;0;1;2;0;0;1
6618;0;0;1;1;0;2;1;1;0
6622;0;0;1;1;0;2;1;1;0
6651;0;0;1;1;0;2;1;1;0
6654;0;0;0;1;0;2;0;1;0
6659;0;0;1;1;0;2;1;1;0
6661;0;0;1;1;0;2;1;1;0
6682;1;1;0;0;1;2;0;0;1
6684;1;0;0;0;1;2;0;0;0
6695;1;1;0;0;1;2;0;0;1
6716;1;1;1;1;1;2;1;1;1
6718;0;0;12;12;0;2;1;1;0
6732;1;0;0;0;1;2;0;0;0
6741;0;0;1;1;0;2;1;1;0
6748;0;0;1;1;0;2;1;1;0
6766;0;0;1;1;0;2;1;1;0
6769;0;0;0;1;0;2;0;1;0
6772;0;0;1;1;0;2;1;1;0
6805;1;0;0;0;1;2;0;0;0
6811;1;1;1;1;1;2;1;1;1
6820;1;1;0;0;1;2;0;0;1
6844;0;0;1;1;0;2;1;1;0
6856;0;0;1;1;0;2;1;1;0
6866;0;0;0;1;0;2;0;1;0
6874;0;0;0;1;0;2;0;1;0
6881;0;0;0;1;0;2;0;1;0
6882;1;1;0;0;1;2;0;0;1
6916;0;0;1;1;0;2;1;1;0
6933;1;0;0;0;1;2;0;0;0
6937;1;1;0;0;2;2;0;0;1
6949;1;1;0;0;2;2;0;0;2
6993;0;0;2;2;0;2;1;1;0
7013;1;1;0;0;1;2;0;0;1
7048;1;1;0;0;1;2;0;0;1
7067;1;1;0;0;1;2;0;0;1
7070;0;0;2;2;0;2;1;1;0
7073;0;0;1;1;0;2;1;1;0
7095;0;0;1;1;0;2;1;1;0
7116;1;1;0;0;1;2;0;0;1
7117;0;0;1;1;0;2;1;1;0
7126;1;0;0;0;1;2;0;0;0
7130;0;0;1;1;0;2;1;1;0
7137;0;0;2;2;0;2;1;1;0
7144;1;1;0;0;1;2;0;0;1
7147;0;0;1;1;0;2;1;1;0
7148;0;0;9;9;0;2;1;1;0
7160;1;1;2;2;1;2;1;1;1
7169;1;1;0;0;1;2;0;0;1
7189;0;0;1;1;0;2;1;1;0
7208;0;0;1;1;0;2;1;1;0
7249;0;0;0;1;0;2;0;1;0
7254;1;1;0;0;2;2;0;0;2
7260;1;1;0;0;1;2;0;0;1
7274;0;0;1;1;0;2;1;1;0
7277;1;0;2;2;1;2;1;1;0
7280;1;0;0;0;1;2;0;0;0
7282;1;1;0;0;2;2;0;0;2
7284;0;0;1;1;0;2;1;1;0
7285;1;0;0;0;1;2;0;0;0
7292;0;0;0;1;0;2;0;1;0
7299;0;0;0;1;0;2;0;1;0
7312;0;0;1;1;0;2;1;1;0
7316;0;0;1;1;0;2;1;1;0
7354;1;0;0;0;1;2;0;0;0
7362;0;0;0;1;0;2;0;1;0
7403;0;0;1;1;0;2;1;1;0
7404;1;1;0;0;1;2;0;0;1
7411;1;0;1;1;1;2;1;1;0
7418;0;0;1;1;0;2;1;1;0
7451;1;1;0;0;1;2;0;0;1
7463;1;1;0;0;1;2;0;0;1
7502;0;0;1;1;0;2;1;1;0
7557;1;0;0;0;1;2;0;0;0
7571;0;0;1;1;0;2;1;1;0
7587;1;1;0;0;1;2;0;0;1
7599;1;1;0;0;1;2;0;0;1
7600;1;1;7;7;4;2;1;1;4
7614;0;0;1;1;0;2;1;1;0
7620;1;0;0;0;1;2;0;0;0
7636;0;0;1;1;0;2;1;1;0
7665;1;1;0;0;1;2;0;0;1
7690;1;0;0;0;1;2;0;0;0
7703;0;0;0;1;0;2;0;1;0
7710;0;0;1;1;0;2;1;1;0
7713;0;0;1;1;0;2;1;1;0
7738;1;0;0;0;1;2;0;0;0
7741;1;1;0;0;2;2;0;0;2
7757;1;1;1;1;1;2;1;1;1
7781;0;0;1;1;0;2;1;1;0
7808;0;0;1;1;0;2;1;1;0
7879;1;1;0;0;2;2;0;0;2
7924;0;0;2;2;0;2;2;2;0
7929;1;1;0;0;1;2;0;0;1
7938;0;0;1;1;0;2;1;1;0
7977;0;0;1;1;0;2;1;1;0
8015;1;0;0;0;1;2;0;0;0
8035;0;0;4;4;0;2;1;1;0
8043;1;0;1;1;1;2;1;1;0
8074;0;0;1;1;0;2;1;1;0
8098;0;0;2;2;0;2;1;1;0
8143;1;1;1;1;1;2;1;1;1
8153;0;0;0;1;0;2;0;1;0
8164;1;1;0;0;1;2;0;0;1
8203;0;0;1;1;0;2;1;1;0
8229;0;0;1;1;0;2;1;1;0
8253;1;1;0;0;1;2;0;0;1
8256;0;0;0;1;0;2;0;1;0
8290;0;0;0;1;0;2;0;1;0
8306;0;0;1;1;0;2;1;1;0
8344;0;0;1;1;0;2;1;1;0
8366;0;0;0;1;0;2;0;1;0
8396;0;0;3;3;0;2;1;1;0
8438;0;0;0;1;0;2;0;1;0
8455;0;0;1;1;0;2;1;1;0
8468;0;0;2;2;0;2;1;1;0
8514;0;0;0;1;0;2;0;1;0
8517;1;0;0;0;1;2;0;0;0
8518;1;1;1;1;1;2;1;1;1
8527;0;0;1;1;0;2;1;1;0
8585;0;0;0;1;0;2;0;1;0
8587;1;1;0;0;1;2;0;0;1
8608;0;0;0;2;0;2;0;1;0
8615;0;0;1;1;0;2;1;1;0
8623;1;1;0;0;1;2;0;0;1
8627;0;0;1;1;0;2;1;1;0
8634;0;0;3;3;0;2;1;1;0
8635;0;0;1;1;0;2;1;1;0
8661;1;0;0;0;1;2;0;0;0
8665;0;0;1;1;0;2;1;1;0
8701;0;0;1;1;0;2;1;1;0
8703;1;1;0;0;1;2;0;0;1
8768;1;1;0;0;1;2;0;0;1
8811;0;0;1;1;0;2;1;1;0
8869;0;0;0;1;0;2;0;1;0
8893;1;1;1;1;1;2;1;1;1
8895;0;0;1;1;0;2;1;1;0
8902;1;1;0;0;1;2;0;0;1
8958;0;0;1;1;0;2;1;1;0
8965;1;1;0;0;1;2;0;0;1
9001;0;0;1;1;0;2;1;1;0
9022;1;1;0;0;1;2;0;0;1
9080;0;0;0;1;0;2;0;1;0
9095;0;0;0;1;0;2;0;1;0
9101;0;0;1;1;0;2;1;1;0
9105;1;1;1;1;1;2;1;1;1
9124;1;1;0;0;2;2;0;0;1
9129;1;1;1;1;1;2;1;1;1
9136;1;1;0;0;1;2;0;0;1
9139;0;0;0;1;0;2;0;1;0
9144;1;1;0;0;1;2;0;0;1
9196;0;0;2;2;0;2;1;1;0
9197;0;0;1;1;0;2;1;1;0
9200;1;1;0;0;1;2;0;0;1
9223;0;0;1;1;0;2;1;1;0
9235;0;0;1;2;0;2;1;2;0
9241;0;0;0;1;0;2;0;1;0
9268;0;0;2;2;0;2;1;1;0
9296;0;0;2;2;0;2;1;1;0
9304;0;0;1;1;0;2;1;1;0
9309;1;1;0;0;1;2;0;0;1
9322;1;1;0;0;1;2;0;0;1
9324;1;1;0;0;1;2;0;0;1
9361;0;0;1;1;0;2;1;1;0
9371;1;1;0;0;1;2;0;0;1
9383;0;0;0;1;0;2;0;1;0
9398;1;0;0;0;1;2;0;0;0
9419;0;0;2;2;0;2;1;1;0
9420;0;0;1;1;0;2;1;1;0
9452;0;0;0;1;0;2;0;1;0
9460;1;1;0;0;1;2;0;0;1
9483;0;0;1;1;0;2;1;1;0
9485;1;1;0;0;1;2;0;0;1
9531;0;0;1;2;0;2;1;1;0
9549;0;0;0;1;0;2;0;1;0
9551;0;0;1;1;0;2;1;1;0
9575;0;0;1;1;0;2;1;1;0
9615;1;1;1;2;2;2;1;1;2
9642;2;1;0;0;2;2;0;0;1
9655;1;1;0;0;1;2;0;0;1
9723;0;0;1;1;0;2;1;1;0
9742;0;0;1;1;0;2;1;1;0
9809;0;0;1;1;0;2;1;1;0
9881;0;0;1;1;0;2;1;1;0
9925;0;0;0;1;0;2;0;1;0
9926;0;0;1;1;0;2;1;1;0
9927;1;1;0;0;1;2;0;0;1
10026;1;1;0;0;1;2;0;0;1
10072;0;0;1;1;0;2;1;1;0
10078;0;0;0;3;0;2;0;1;0
10125;0;0;0;1;0;2;0;1;0
10187;0;0;0;1;0;2;0;1;0
10203;0;0;1;1;0;2;1;1;0
10216;1;1;0;0;1;2;0;0;1
10243;0;0;1;1;0;2;1;1;0
10325;1;1;0;0;1;2;0;0;1
10370;0;0;0;1;0;2;0;1;0
10378;0;0;1;1;0;2;1;1;0
10382;0;0;1;1;0;2;1;1;0
10393;0;0;1;1;0;2;1;1;0
10446;0;0;1;1;0;2;1;1;0
10470;0;0;1;1;0;2;1;1;0
10490;0;0;0;1;0;2;0;1;0
10498;0;0;1;1;0;2;1;1;0
10502;1;0;0;0;1;2;0;0;0
10525;0;0;1;1;0;2;1;1;0
10546;1;1;0;0;2;2;0;0;2
10591;0;0;1;1;0;2;1;1;0
10592;0;0;1;1;0;2;1;1;0
10608;0;0;1;1;0;2;1;1;0
10621;1;1;0;0;1;2;0;0;1
10649;0;0;1;1;0;2;1;1;0
10657;1;1;0;0;2;2;0;0;2
10659;0;0;1;1;0;2;1;1;0
10666;0;0;1;1;0;2;1;1;0
10702;0;0;1;1;0;2;1;1;0
10733;0;0;0;1;0;2;0;1;0
10745;0;0;1;1;0;2;1;1;0
10763;0;0;3;3;0;2;1;1;0
10791;1;0;0;0;1;2;0;0;0
10818;0;0;1;1;0;2;1;1;0
10824;0;0;1;1;0;2;1;1;0
10918;0;0;0;1;0;2;0;1;0
10933;0;0;0;1;0;2;0;1;0
10971;0;0;1;1;0;2;1;1;0
10988;0;0;0;1;0;2;0;1;0
11009;0;0;1;1;0;2;1;1;0
11063;1;0;0;0;1;2;0;0;0
11065;1;0;0;0;1;2;0;0;0
11095;0;0;1;1;0;2;1;1;0
11134;1;0;0;0;1;2;0;0;0
11139;0;0;0;1;0;2;0;1;0
11172;1;1;3;3;3;2;1;1;3
11174;0;0;1;1;0;2;1;1;0
11191;1;1;0;0;1;2;0;0;1
11272;0;0;1;2;0;2;1;1;0
11318;1;1;0;0;1;2;0;0;1
11354;1;1;0;0;2;2;0;0;2
11405;1;0;0;0;1;2;0;0;0
11486;0;0;0;1;0;2;0;1;0
11549;1;1;0;0;1;2;0;0;1
11593;0;0;0;1;0;2;0;1;0
11650;0;0;1;1;0;2;1;1;0
11653;1;1;0;0;1;2;0;0;1
11711;0;0;2;3;0;2;1;1;0
11728;0;0;0;1;0;2;0;1;0
11739;1;1;0;0;1;2;0;0;1
11796;0;0;2;2;0;2;1;1;0
11805;1;1;0;0;1;2;0;0;1
11866;0;0;0;1;0;2;0;1;0
11883;0;0;0;1;0;2;0;1;0
11906;0;0;1;1;0;2;1;1;0
11932;1;0;0;0;1;2;0;0;0
12003;0;0;1;1;0;2;1;1;0
12053;0;0;1;1;0;2;1;1;0
12065;0;0;1;1;0;2;1;1;0
12094;0;0;1;1;0;2;1;1;0
12169;0;0;1;1;0;2;1;1;0
12257;0;0;0;1;0;2;0;1;0
12324;0;0;0;1;0;2;0;1;0
12354;0;0;0;1;0;2;0;1;0
12424;0;0;1;1;0;2;1;1;0
12498;1;1;0;0;1;2;0;0;1
12577;0;0;0;1;0;2;0;1;0
12584;0;0;0;1;0;2;0;1;0
12600;0;0;1;1;0;2;1;1;0
12615;1;1;0;0;1;2;0;0;1
12780;1;0;0;0;1;2;0;0;0
12799;0;0;1;1;0;2;1;1;0
12803;1;1;0;0;1;2;0;0;1
12866;0;0;1;1;0;2;1;1;0
12902;1;1;0;0;1;2;0;0;1
12950;0;0;1;1;0;2;1;1;0
12963;1;0;0;0;1;2;0;0;0
13095;0;0;1;1;0;2;1;1;0
13304;1;0;0;0;1;2;0;0;0
13520;0;0;1;1;0;2;1;1;0
13548;1;0;0;0;1;2;0;0;0
13585;0;0;1;1;0;2;1;1;0
13765;1;1;0;0;3;2;0;0;2
13867;0;0;1;1;0;2;1;1;0
13923;1;1;0;0;1;2;0;0;1
13932;0;0;1;1;0;2;1;1;0
13967;0;0;1;1;0;2;1;1;0
13969;0;0;0;1;0;2;0;1;0
14005;0;0;1;1;0;2;1;1;0
14084;0;0;0;1;0;2;0;1;0
14222;1;1;0;0;2;2;0;0;2
14417;0;0;4;5;0;2;1;1;0
14498;1;0;0;0;1;2;0;0;0
14547;0;0;1;1;0;2;1;1;0
14625;0;0;0;1;0;2;0;1;0
14654;0;0;0;1;0;2;0;1;0
14678;0;0;0;1;0;2;0;1;0
14740;0;0;1;1;0;2;1;1;0
14784;1;0;0;0;1;2;0;0;0
14863;0;0;1;1;0;2;1;1;0
15029;0;0;1;1;0;2;1;1;0
15149;0;0;1;1;0;2;1;1;0
15246;1;1;0;0;1;2;0;0;1
15379;0;0;1;1;0;2;1;1;0
15521;0;0;1;1;0;2;1;1;0
15754;1;1;0;0;1;2;0;0;1
15787;0;0;1;1;0;2;1;1;0
15881;0;0;1;2;0;2;1;1;0
16019;1;0;0;0;1;2;0;0;0
16064;1;1;0;0;1;2;0;0;1
16068;0;0;1;1;0;2;1;1;0
16119;1;1;0;0;1;2;0;0;1
16152;0;0;1;1;0;2;1;1;0
16261;0;0;0;1;0;2;0;1;0
16547;0;0;1;1;0;2;1;1;0
16725;0;0;1;1;0;2;1;1;0
17104;1;1;0;0;1;2;0;0;1
17213;0;0;12;12;0;2;1;1;0
17734;0;0;1;1;0;2;1;1;0
17813;0;0;0;1;0;2;0;1;0
17849;0;0;0;1;0;2;0;1;0
17876;1;1;0;0;1;2;0;0;1
18145;0;0;1;1;0;2;1;1;0
18559;0;0;0;1;0;2;0;1;0
